{"base_files_url": "https://raw.githubusercontent.com/mrchrisster/MiSTer_SAM/ddf0236dae599345710d16907594e05968f9314a/", "db_id": "mrchrisster/MiSTer_SAM", "db_url": "https://raw.githubusercontent.com/mrchrisster/MiSTer_SAM/db/db.json.zip", "files": {"Scripts/.MiSTer_SAM/MiSTer_SAM_MCP": {"hash": "0c3b458838d917d33a4e9c5592fb426e", "size": 7056, "tags": [16]}, "Scripts/.MiSTer_SAM/MiSTer_SAM_init": {"hash": "8032dbc3dd8b24e8cd6ba2c0af4e04a3", "size": 10274, "tags": [16]}, "Scripts/.MiSTer_SAM/MiSTer_SAM_joy.py": {"hash": "688f7eb5dbcfd792a94c8c59ffbc19d7", "size": 4117, "tags": [16]}, "Scripts/.MiSTer_SAM/MiSTer_SAM_keyboard.py": {"hash": "948390282dd8ce7b23d0dc2cc97497de", "size": 553, "tags": [16]}, "Scripts/.MiSTer_SAM/MiSTer_SAM_menu": {"hash": "125166d5a240fb7d92ccebcefb44f944", "size": 26248, "tags": [16]}, "Scripts/.MiSTer_SAM/MiSTer_SAM_mouse.py": {"hash": "4064516a5bbb00b16788d64b8a41763a", "size": 543, "tags": [16]}, "Scripts/.MiSTer_SAM/MiSTer_SAM_tty2oled": {"hash": "ee03873a93e9db8dbc0c1e0d104909ea", "size": 9947, "tags": [16]}, "Scripts/.MiSTer_SAM/SAM_Gamelists/amiga_blacklist.txt": {"hash": "bfbd8c74bdadbbcb2316098b2955460c", "size": 25329, "tags": [16]}, "Scripts/.MiSTer_SAM/SAM_Gamelists/arcade_blacklist.txt": {"hash": "d92400a2aa373ac8261dfbd31533d71b", "size": 3140, "tags": [16]}, "Scripts/.MiSTer_SAM/SAM_Gamelists/fds_blacklist.txt": {"hash": "afdd04cdf9ec87c243c410d6f2cda7f8", "size": 20025, "tags": [16]}, "Scripts/.MiSTer_SAM/SAM_Gamelists/gba_blacklist.txt": {"hash": "af7be49193508c164f5c2dbec1706153", "size": 83704, "tags": [16]}, "Scripts/.MiSTer_SAM/SAM_Gamelists/genesis_blacklist.txt": {"hash": "d945fd8c058bb83bbedda2402e42d9b6", "size": 48285, "tags": [16]}, "Scripts/.MiSTer_SAM/SAM_Gamelists/megacd_blacklist.txt": {"hash": "5f343fc48a6b2a1c39b1a3864f8a24c2", "size": 2039, "tags": [16]}, "Scripts/.MiSTer_SAM/SAM_Gamelists/neogeo_blacklist.txt": {"hash": "cd8e92acf90b033196183a248666dc56", "size": 884, "tags": [16]}, "Scripts/.MiSTer_SAM/SAM_Gamelists/nes_blacklist.txt": {"hash": "218836ac6879e143c2b4b4a5a9768d63", "size": 159139, "tags": [16]}, "Scripts/.MiSTer_SAM/SAM_Gamelists/psx_blacklist.txt": {"hash": "a85f618d6f36df6e8825ebf2cafd35b4", "size": 7233, "tags": [16]}, "Scripts/.MiSTer_SAM/SAM_Gamelists/readme.md": {"hash": "e7d4ba78090bc8b2d878d603b4935792", "size": 347, "tags": [16]}, "Scripts/.MiSTer_SAM/SAM_Gamelists/s32x_blacklist.txt": {"hash": "bfd24b076d09edb0593b91c05e469fe0", "size": 2501, "tags": [16]}, "Scripts/.MiSTer_SAM/SAM_Gamelists/sms_blacklist.txt": {"hash": "82124f0bdd068f2225fee2bf0b33ed11", "size": 33510, "tags": [16]}, "Scripts/.MiSTer_SAM/SAM_Gamelists/snes_blacklist.txt": {"hash": "b6bc42ea13cf12ff3759fff026f12fe7", "size": 105786, "tags": [16]}, "Scripts/.MiSTer_SAM/SAM_Gamelists/tgfx16_blacklist.txt": {"hash": "e7ea83a78a97d6223f4d105a81227a13", "size": 10975, "tags": [16]}, "Scripts/.MiSTer_SAM/SAM_Gamelists/tgfx16cd_blacklist.txt": {"hash": "1120852679c6afa3c72166fa60e0eb1e", "size": 7137, "tags": [16]}, "Scripts/.MiSTer_SAM/SAM_Rated/amiga_rated.txt": {"hash": "7b90fc5294804d5eac57389a0d2c1782", "size": 795, "tags": [16]}, "Scripts/.MiSTer_SAM/SAM_Rated/ao486_rated.txt": {"hash": "ed169325069dd5684a02344852746090", "size": 1919, "tags": [16]}, "Scripts/.MiSTer_SAM/SAM_Rated/arcade_rated.txt": {"hash": "af5cbbbe488537dafc62c28f73785002", "size": 3113, "tags": [16]}, "Scripts/.MiSTer_SAM/SAM_Rated/fds_rated.txt": {"hash": "b38878ff7f65129b6e1727cbb10f8762", "size": 70, "tags": [16]}, "Scripts/.MiSTer_SAM/SAM_Rated/gb_rated.txt": {"hash": "48c32f632b9d80cd5f1fd3f9aff306c1", "size": 1691, "tags": [16]}, "Scripts/.MiSTer_SAM/SAM_Rated/gba_rated.txt": {"hash": "40bf7ca006286dc15206cd5dfc8ad108", "size": 12303, "tags": [16]}, "Scripts/.MiSTer_SAM/SAM_Rated/gbc_rated.txt": {"hash": "c2f853868096f41489958d07a96a968c", "size": 6105, "tags": [16]}, "Scripts/.MiSTer_SAM/SAM_Rated/genesis_rated.txt": {"hash": "3f017b88ac05ed07c0ff76b35050a062", "size": 2207, "tags": [16]}, "Scripts/.MiSTer_SAM/SAM_Rated/gg_rated.txt": {"hash": "bd9b7f3d4102151bcce15b94bcdb0c18", "size": 639, "tags": [16]}, "Scripts/.MiSTer_SAM/SAM_Rated/megacd_rated.txt": {"hash": "708828979aa069f4c8b951e0d2e7de3a", "size": 176, "tags": [16]}, "Scripts/.MiSTer_SAM/SAM_Rated/neogeo_rated.txt": {"hash": "45321e4ae42f514b5a49280114d586aa", "size": 210, "tags": [16]}, "Scripts/.MiSTer_SAM/SAM_Rated/nes_rated.txt": {"hash": "c34fc7a11a6d9de2584123053d49612e", "size": 2339, "tags": [16]}, "Scripts/.MiSTer_SAM/SAM_Rated/psx_rated.txt": {"hash": "be92c861510829b567b69fe7a9db8f12", "size": 11139, "tags": [16]}, "Scripts/.MiSTer_SAM/SAM_Rated/sms_rated.txt": {"hash": "905a758624403fca458852d9eb2a3149", "size": 760, "tags": [16]}, "Scripts/.MiSTer_SAM/SAM_Rated/snes_rated.txt": {"hash": "34879fd21290963916a74e982801071c", "size": 2534, "tags": [16]}, "Scripts/.MiSTer_SAM/SAM_Rated/tgfx16_rated.txt": {"hash": "949f6fb31094151f61c0beaa30c6d9f7", "size": 1107, "tags": [16]}, "Scripts/.MiSTer_SAM/SAM_Rated/tgfx16cd_rated.txt": {"hash": "3169761c046646d9b56bb536a32cf975", "size": 168, "tags": [16]}, "Scripts/.MiSTer_SAM/SAM_splash.gsc": {"hash": "7f21b9e024e0cec6c96350ec3e438e5b", "size": 41562, "tags": [16]}, "Scripts/.MiSTer_SAM/bgm.sh": {"hash": "c89bb83b74b678336ac11ca21dabf506", "size": 27089, "tags": [16]}, "Scripts/.MiSTer_SAM/inputs/GBA_input_1234_5678_v3.map": {"hash": "8f92c934b355c6be04951e55df02a501", "size": 128, "tags": [16]}, "Scripts/.MiSTer_SAM/inputs/MegaCD_input_1234_5678_v3.map": {"hash": "cfacade005c02b506a8685dbfbd8e2ab", "size": 128, "tags": [16]}, "Scripts/.MiSTer_SAM/inputs/NES_input_1234_5678_v3.map": {"hash": "24f42a99b0fcccb89a17d4e3fd68a051", "size": 128, "tags": [16]}, "Scripts/.MiSTer_SAM/inputs/TGFX16_input_1234_5678_v3.map": {"hash": "64419396bc83f5f021e519386e5da0d4", "size": 128, "tags": [16]}, "Scripts/.MiSTer_SAM/mbc": {"hash": "ebd8605dcbf381d69fe32b7f1429553d", "size": 86224, "tags": [16]}, "Scripts/.MiSTer_SAM/partun": {"hash": "e10785f0336e68358d0bd3f1e403cd0d", "size": 1061132, "tags": [16]}, "Scripts/.MiSTer_SAM/sam_controllers.json": {"hash": "0b1350a00a59d7215e34c8c8b4fa5e72", "size": 557, "tags": [16]}, "Scripts/.MiSTer_SAM/samindex.zip": {"hash": "ed5a708b5f462e45d2d612e048585a97", "size": 1621125, "tags": [16]}, "Scripts/MiSTer_SAM_off.sh": {"hash": "42a09bc489405a0bed40cbfcaf483c67", "size": 53, "tags": [16]}, "Scripts/MiSTer_SAM_on.sh": {"hash": "4e6487c352a2c08556948dd0af1668f5", "size": 125370, "tags": [16]}, "Scripts/SuperAttractMode.sh": {"hash": "a14b0de2a02b7ef6a695ea06ba7168f8", "size": 92, "tags": [16]}}, "folders": {"Scripts": {"tags": [16]}, "Scripts/.MiSTer_SAM": {"tags": [16, 17]}, "Scripts/.MiSTer_SAM/SAM_Gamelists": {"tags": [16, 17]}, "Scripts/.MiSTer_SAM/SAM_Rated": {"tags": [16, 17]}, "Scripts/.MiSTer_SAM/inputs": {"tags": [16, 17]}}, "tag_dictionary": {".mistersam": 17, "scripts": 16}, "timestamp": 1686264687}